<?xml version="1.0" encoding="UTF-8"?>
<project-private xmlns="http://www.netbeans.org/ns/project-private/1">
    <editor-bookmarks xmlns="http://www.netbeans.org/ns/editor-bookmarks/2" lastBookmarkId="0"/>
    <open-files xmlns="http://www.netbeans.org/ns/projectui-open-files/2">
        <group>
            <file>file:/home/carlos/NetBeansProjects/SabadoClase4/src/sabadoclase4/Login.java</file>
            <file>file:/home/carlos/NetBeansProjects/SabadoClase4/src/sabadoclase4/SabadoClase4.java</file>
            <file>file:/home/carlos/NetBeansProjects/SabadoClase4/src/sabadoclase4/Sumar.java</file>
            <file>file:/home/carlos/NetBeansProjects/SabadoClase4/src/sabadoclase4/Saludo.java</file>
        </group>
    </open-files>
</project-private>
